<?xml version="1.0" encoding="UTF-8"?>

<!DOCTYPE hibernate-configuration PUBLIC
       "-//Hibernate/Hibernate Configuration DTD 3.0//EN"
       "http://www.hibernate.org/dtd/hibernate-configuration-3.0.dtd">
<hibernate-configuration>
	<session-factory>
		<!-- Database connection settings -->
		<property name="connection.driver_class">com.mysql.jdbc.Driver</property>
		<property name="connection.url">jdbc:mysql://localhost/example</property>
		<property name="connection.username">root</property>
		<property name="connection.password">root</property>
		<!-- SQL dialect -->
		<property name="dialect">org.hibernate.dialect.MySQLDialect</property>
  		<!-- //displays the vendor db queries -->
  		<property name="show_sql">true</property>
       <property name="hbm2ddl.auto">create</property>
    
		<mapping class="com.CartegoryRelationship.cart.Category"/>
		<mapping class="com.CartegoryRelationship.cart.SubCategory"/>
		<mapping class="com.CartegoryRelationship.cart.Discounts"/>
		<mapping class="com.CartegoryRelationship.cart.Items"/>
		<mapping class="com.CartegoryRelationship.cart.purchaseHistory"/>
		<mapping class="com.CartegoryRelationship.cart.Transcations"/>
		<mapping class="com.CartegoryRelationship.cart.BuyerDb"/>
	
	</session-factory>
</hibernate-configuration>